,shows_id,time,Monday,Tuesday,Wednesday,Thursday,Friday,Saturday,Sunday
0,0,,1.0,0.0,1.0,0.0,1.0,0.0,0.0
1,1,10:00,1.0,1.0,1.0,1.0,1.0,0.0,0.0
2,2,23:45,0.0,0.0,0.0,0.0,0.0,1.0,0.0
3,3,10:00,0.0,1.0,0.0,0.0,0.0,0.0,0.0
4,4,10:00,0.0,1.0,0.0,0.0,0.0,0.0,1.0
5,5,22:00,0.0,1.0,0.0,0.0,0.0,0.0,0.0
6,6,12:00,0.0,1.0,1.0,1.0,0.0,0.0,0.0
7,7,,1.0,1.0,1.0,1.0,1.0,1.0,1.0
8,8,,0.0,1.0,0.0,0.0,1.0,0.0,0.0
9,9,08:00,0.0,0.0,0.0,0.0,0.0,0.0,1.0
10,10,17:00,0.0,1.0,0.0,0.0,0.0,0.0,0.0
11,11,06:00,1.0,1.0,1.0,1.0,1.0,1.0,1.0
12,13,17:35,1.0,1.0,1.0,1.0,1.0,0.0,0.0
13,14,06:00,1.0,1.0,1.0,1.0,1.0,1.0,0.0
14,16,19:00,0.0,0.0,0.0,1.0,0.0,0.0,0.0
15,17,,0.0,0.0,0.0,0.0,1.0,0.0,0.0
16,18,,1.0,1.0,1.0,1.0,0.0,0.0,0.0
17,19,,0.0,1.0,0.0,1.0,0.0,0.0,0.0
18,20,,0.0,1.0,0.0,0.0,0.0,0.0,0.0
19,21,,0.0,1.0,0.0,0.0,0.0,0.0,0.0
20,22,,1.0,1.0,1.0,1.0,1.0,0.0,0.0
21,25,,0.0,1.0,0.0,0.0,0.0,0.0,0.0
22,26,,0.0,0.0,0.0,1.0,0.0,0.0,0.0
23,28,,1.0,0.0,0.0,0.0,0.0,0.0,0.0
24,29,00:00,1.0,1.0,1.0,1.0,1.0,1.0,1.0
25,30,,0.0,1.0,0.0,0.0,0.0,0.0,0.0
26,32,,0.0,1.0,1.0,1.0,0.0,0.0,0.0
27,33,,0.0,1.0,0.0,0.0,0.0,0.0,0.0
28,34,,0.0,1.0,0.0,0.0,0.0,0.0,0.0
29,35,,0.0,1.0,0.0,0.0,0.0,0.0,0.0
30,36,,0.0,1.0,0.0,0.0,0.0,0.0,0.0
31,37,,0.0,0.0,0.0,0.0,0.0,0.0,1.0
32,38,,1.0,1.0,1.0,0.0,0.0,1.0,1.0
33,39,,1.0,1.0,1.0,1.0,0.0,0.0,0.0
34,40,,1.0,1.0,0.0,0.0,0.0,0.0,0.0
35,41,20:00,1.0,1.0,1.0,0.0,0.0,0.0,0.0
36,42,20:00,0.0,1.0,1.0,0.0,0.0,0.0,0.0
37,43,20:00,0.0,1.0,1.0,0.0,0.0,0.0,0.0
38,44,,1.0,1.0,1.0,1.0,0.0,0.0,0.0
39,45,07:00,0.0,1.0,0.0,0.0,0.0,0.0,0.0
40,46,,0.0,1.0,0.0,0.0,0.0,0.0,0.0
41,47,20:00,1.0,1.0,1.0,0.0,0.0,0.0,0.0
42,49,,0.0,1.0,0.0,0.0,0.0,0.0,0.0
43,50,,0.0,1.0,0.0,0.0,0.0,0.0,0.0
44,52,,1.0,1.0,1.0,1.0,0.0,0.0,1.0
45,54,,0.0,1.0,0.0,0.0,1.0,0.0,0.0
46,56,,0.0,1.0,0.0,0.0,0.0,0.0,0.0
47,57,,1.0,1.0,1.0,1.0,0.0,0.0,1.0
48,58,22:00,0.0,1.0,0.0,0.0,0.0,0.0,0.0
49,59,08:30,0.0,0.0,0.0,0.0,0.0,1.0,0.0
50,60,00:25,0.0,1.0,0.0,0.0,0.0,0.0,0.0
51,61,,0.0,1.0,0.0,0.0,0.0,0.0,0.0
52,62,,0.0,1.0,0.0,0.0,0.0,0.0,0.0
53,63,,1.0,1.0,1.0,1.0,1.0,0.0,0.0
54,64,,1.0,0.0,0.0,0.0,0.0,0.0,0.0
55,65,20:00,1.0,1.0,1.0,1.0,0.0,0.0,0.0
56,66,20:40,0.0,1.0,0.0,0.0,0.0,0.0,0.0
57,67,15:00,0.0,1.0,0.0,0.0,0.0,0.0,0.0
58,68,,1.0,0.0,0.0,0.0,0.0,0.0,0.0
59,69,11:00,0.0,0.0,1.0,1.0,0.0,0.0,0.0
60,70,10:00,0.0,0.0,1.0,0.0,0.0,0.0,0.0
61,71,10:00,0.0,0.0,1.0,0.0,0.0,0.0,0.0
62,72,12:00,0.0,0.0,1.0,0.0,0.0,0.0,0.0
63,73,,0.0,0.0,1.0,0.0,0.0,0.0,0.0
64,74,,0.0,0.0,1.0,0.0,0.0,1.0,0.0
65,75,,0.0,0.0,1.0,1.0,0.0,0.0,0.0
66,77,18:00,0.0,0.0,0.0,0.0,0.0,1.0,0.0
67,78,,0.0,0.0,0.0,0.0,1.0,0.0,0.0
68,79,,0.0,0.0,0.0,0.0,1.0,0.0,0.0
69,80,,0.0,0.0,1.0,0.0,0.0,0.0,0.0
70,81,,0.0,0.0,1.0,0.0,0.0,0.0,0.0
71,82,,0.0,0.0,1.0,0.0,0.0,0.0,0.0
72,83,,0.0,0.0,1.0,0.0,0.0,0.0,0.0
73,84,,0.0,0.0,1.0,1.0,0.0,0.0,0.0
74,85,,0.0,0.0,1.0,0.0,0.0,0.0,0.0
75,86,,0.0,0.0,1.0,0.0,0.0,0.0,0.0
76,87,,0.0,0.0,1.0,0.0,0.0,0.0,0.0
77,88,,1.0,0.0,0.0,0.0,0.0,0.0,0.0
78,89,,0.0,0.0,1.0,0.0,0.0,0.0,0.0
79,90,,0.0,0.0,1.0,0.0,0.0,0.0,0.0
80,91,,0.0,0.0,0.0,0.0,0.0,1.0,0.0
81,93,,1.0,0.0,1.0,0.0,0.0,0.0,0.0
82,94,,0.0,0.0,1.0,0.0,0.0,0.0,0.0
83,96,20:00,0.0,0.0,0.0,1.0,0.0,0.0,0.0
84,98,20:00,0.0,0.0,1.0,1.0,1.0,0.0,0.0
85,100,,0.0,0.0,0.0,0.0,1.0,0.0,0.0
86,101,,0.0,0.0,0.0,1.0,0.0,0.0,0.0
87,103,21:00,0.0,0.0,1.0,1.0,1.0,0.0,0.0
88,105,10:00,0.0,0.0,1.0,0.0,0.0,0.0,0.0
89,106,00:00,1.0,0.0,1.0,0.0,1.0,0.0,0.0
90,107,19:00,0.0,0.0,1.0,0.0,0.0,0.0,0.0
91,108,19:00,0.0,0.0,1.0,0.0,0.0,0.0,0.0
92,109,15:00,0.0,0.0,1.0,0.0,0.0,0.0,0.0
93,110,20:00,0.0,1.0,0.0,0.0,0.0,0.0,0.0
94,111,21:25,0.0,0.0,1.0,0.0,0.0,0.0,0.0
95,112,00:00,0.0,0.0,1.0,0.0,0.0,0.0,0.0
96,113,,0.0,0.0,0.0,1.0,0.0,0.0,0.0
97,114,,0.0,0.0,0.0,1.0,0.0,0.0,0.0
98,115,,0.0,0.0,0.0,1.0,0.0,0.0,0.0
99,116,,0.0,0.0,0.0,1.0,0.0,0.0,0.0
100,117,11:00,0.0,0.0,0.0,1.0,0.0,0.0,0.0
101,118,,0.0,0.0,0.0,1.0,0.0,0.0,0.0
102,120,20:00,0.0,0.0,0.0,1.0,0.0,0.0,0.0
103,121,10:00,1.0,0.0,0.0,1.0,0.0,0.0,0.0
104,122,,0.0,0.0,0.0,1.0,0.0,0.0,0.0
105,123,22:00,0.0,0.0,0.0,1.0,0.0,0.0,0.0
106,124,06:00,0.0,0.0,0.0,1.0,0.0,0.0,0.0
107,125,,0.0,0.0,0.0,0.0,1.0,0.0,0.0
108,126,,0.0,0.0,0.0,1.0,0.0,0.0,0.0
109,127,17:00,0.0,0.0,0.0,1.0,0.0,0.0,1.0
110,128,20:20,0.0,0.0,0.0,1.0,0.0,0.0,0.0
111,129,22:00,0.0,0.0,0.0,1.0,0.0,0.0,0.0
112,130,19:00,0.0,0.0,0.0,1.0,0.0,0.0,0.0
113,131,18:00,0.0,0.0,0.0,1.0,0.0,1.0,0.0
114,132,,0.0,0.0,1.0,1.0,0.0,0.0,0.0
115,133,,0.0,0.0,0.0,1.0,0.0,0.0,0.0
116,134,,0.0,0.0,0.0,1.0,0.0,0.0,0.0
117,135,,0.0,0.0,0.0,1.0,0.0,0.0,0.0
118,137,,1.0,0.0,0.0,1.0,0.0,0.0,0.0
119,139,,0.0,0.0,0.0,1.0,0.0,0.0,0.0
120,140,,0.0,0.0,0.0,1.0,0.0,0.0,0.0
121,141,,0.0,0.0,0.0,1.0,0.0,0.0,0.0
122,142,,0.0,0.0,0.0,1.0,0.0,0.0,0.0
123,143,,0.0,0.0,0.0,1.0,0.0,0.0,0.0
124,144,,0.0,0.0,0.0,1.0,0.0,0.0,0.0
125,145,,0.0,0.0,0.0,1.0,0.0,0.0,0.0
126,146,,0.0,0.0,0.0,1.0,0.0,0.0,0.0
127,147,,0.0,0.0,0.0,1.0,0.0,0.0,0.0
128,149,,0.0,0.0,0.0,1.0,0.0,0.0,0.0
129,150,20:00,0.0,0.0,1.0,1.0,1.0,0.0,0.0
130,151,,0.0,0.0,0.0,1.0,0.0,0.0,0.0
131,152,20:00,0.0,0.0,0.0,1.0,1.0,0.0,0.0
132,154,,0.0,0.0,0.0,1.0,0.0,0.0,0.0
133,155,,0.0,0.0,0.0,1.0,0.0,0.0,0.0
134,156,,0.0,0.0,0.0,1.0,0.0,0.0,0.0
135,157,,0.0,0.0,0.0,1.0,0.0,0.0,0.0
136,160,08:00,0.0,0.0,0.0,1.0,0.0,0.0,0.0
137,161,,0.0,0.0,0.0,1.0,0.0,0.0,0.0
138,162,,0.0,0.0,0.0,1.0,0.0,0.0,0.0
139,163,,0.0,0.0,0.0,1.0,0.0,0.0,0.0
140,164,,0.0,0.0,0.0,1.0,0.0,0.0,0.0
141,166,,0.0,0.0,0.0,1.0,0.0,0.0,0.0
142,168,,0.0,0.0,0.0,1.0,0.0,0.0,0.0
143,170,,0.0,0.0,0.0,1.0,0.0,0.0,0.0
144,172,,0.0,0.0,1.0,1.0,0.0,0.0,0.0
145,174,19:25,0.0,0.0,0.0,1.0,0.0,0.0,0.0
146,175,15:00,0.0,0.0,0.0,1.0,0.0,0.0,0.0
147,176,,1.0,0.0,0.0,0.0,0.0,0.0,0.0
148,177,,0.0,0.0,0.0,0.0,1.0,0.0,0.0
149,178,12:00,0.0,0.0,0.0,0.0,1.0,0.0,0.0
150,179,,0.0,0.0,0.0,0.0,1.0,0.0,0.0
151,180,10:00,1.0,0.0,0.0,0.0,1.0,0.0,0.0
152,182,06:00,0.0,0.0,0.0,0.0,1.0,0.0,0.0
153,183,,0.0,0.0,0.0,0.0,1.0,0.0,0.0
154,184,00:00,0.0,0.0,0.0,0.0,1.0,1.0,1.0
155,186,,0.0,0.0,0.0,0.0,1.0,0.0,0.0
156,187,,0.0,0.0,0.0,0.0,0.0,1.0,0.0
157,188,12:00,0.0,0.0,0.0,0.0,1.0,0.0,0.0
158,189,20:00,0.0,0.0,0.0,0.0,1.0,0.0,0.0
159,190,,0.0,0.0,0.0,0.0,1.0,0.0,0.0
160,191,22:45,0.0,0.0,0.0,0.0,1.0,0.0,0.0
161,192,,0.0,0.0,0.0,0.0,1.0,0.0,0.0
162,193,,0.0,0.0,0.0,0.0,1.0,0.0,0.0
163,195,,0.0,0.0,0.0,0.0,1.0,0.0,0.0
164,196,,0.0,0.0,0.0,0.0,1.0,0.0,0.0
165,197,,1.0,0.0,0.0,0.0,0.0,0.0,0.0
166,199,,0.0,0.0,0.0,0.0,0.0,0.0,1.0
167,200,,0.0,0.0,1.0,0.0,0.0,0.0,0.0
168,202,,0.0,0.0,0.0,1.0,0.0,0.0,0.0
169,204,,0.0,0.0,1.0,0.0,0.0,0.0,0.0
170,206,,0.0,0.0,0.0,0.0,1.0,0.0,0.0
171,207,,0.0,0.0,0.0,0.0,1.0,0.0,0.0
172,211,,1.0,0.0,0.0,0.0,0.0,0.0,0.0
173,213,,0.0,0.0,1.0,0.0,0.0,0.0,0.0
174,215,,0.0,0.0,0.0,0.0,1.0,0.0,0.0
175,216,20:00,0.0,0.0,0.0,0.0,1.0,0.0,0.0
176,217,,0.0,0.0,0.0,0.0,1.0,0.0,0.0
177,219,,0.0,0.0,0.0,0.0,1.0,0.0,0.0
178,221,,0.0,0.0,0.0,0.0,1.0,0.0,0.0
179,222,,0.0,0.0,0.0,0.0,1.0,0.0,0.0
180,223,,0.0,0.0,0.0,0.0,1.0,0.0,0.0
181,225,12:00,0.0,0.0,0.0,0.0,1.0,0.0,0.0
182,226,,0.0,0.0,0.0,0.0,1.0,0.0,0.0
183,227,,0.0,0.0,0.0,0.0,1.0,0.0,0.0
184,228,,0.0,0.0,0.0,0.0,1.0,0.0,0.0
185,229,,0.0,0.0,0.0,0.0,1.0,0.0,0.0
186,230,,0.0,0.0,0.0,0.0,1.0,0.0,0.0
187,231,,0.0,0.0,0.0,0.0,1.0,0.0,0.0
188,232,,0.0,0.0,0.0,0.0,1.0,0.0,0.0
189,233,,0.0,0.0,0.0,0.0,1.0,0.0,0.0
190,234,,0.0,0.0,0.0,0.0,1.0,0.0,0.0
191,235,08:30,0.0,0.0,0.0,0.0,1.0,0.0,0.0
192,236,08:00,0.0,0.0,0.0,0.0,1.0,0.0,0.0
193,237,,0.0,0.0,0.0,0.0,1.0,0.0,0.0
194,239,18:00,0.0,0.0,0.0,0.0,0.0,1.0,0.0
195,240,,0.0,0.0,0.0,0.0,1.0,0.0,0.0
196,243,,0.0,0.0,0.0,0.0,1.0,0.0,0.0
197,244,,0.0,0.0,0.0,0.0,1.0,0.0,0.0
198,245,21:00,0.0,0.0,0.0,1.0,0.0,0.0,0.0
199,246,20:00,0.0,0.0,0.0,0.0,1.0,0.0,0.0
200,247,20:55,0.0,0.0,0.0,0.0,1.0,0.0,0.0
201,248,22:00,0.0,0.0,0.0,0.0,1.0,0.0,0.0
202,249,,0.0,0.0,0.0,0.0,1.0,0.0,0.0
203,250,10:00,0.0,0.0,0.0,0.0,0.0,1.0,0.0
204,251,11:00,0.0,0.0,0.0,0.0,0.0,1.0,0.0
205,253,,0.0,0.0,1.0,0.0,0.0,0.0,0.0
206,254,17:00,0.0,0.0,0.0,0.0,0.0,1.0,0.0
207,256,,0.0,0.0,0.0,0.0,0.0,1.0,0.0
208,258,,0.0,0.0,1.0,0.0,0.0,0.0,0.0
209,259,,0.0,0.0,0.0,1.0,0.0,0.0,0.0
210,260,,0.0,0.0,0.0,0.0,0.0,1.0,0.0
211,262,,0.0,0.0,0.0,0.0,0.0,1.0,0.0
212,263,,0.0,0.0,0.0,0.0,0.0,1.0,0.0
213,264,,0.0,0.0,0.0,0.0,0.0,1.0,0.0
214,267,,0.0,0.0,0.0,0.0,0.0,1.0,0.0
215,268,00:00,0.0,0.0,0.0,0.0,0.0,1.0,0.0
216,269,00:15,0.0,0.0,0.0,0.0,0.0,1.0,0.0
217,270,,0.0,0.0,0.0,0.0,0.0,1.0,0.0
218,271,,0.0,0.0,0.0,0.0,0.0,1.0,0.0
219,272,,0.0,0.0,0.0,0.0,0.0,1.0,0.0
220,273,,0.0,0.0,0.0,0.0,0.0,1.0,0.0
221,275,19:50,0.0,0.0,0.0,0.0,0.0,1.0,0.0
222,276,,0.0,0.0,0.0,0.0,0.0,1.0,0.0
223,277,16:00,0.0,0.0,0.0,0.0,0.0,1.0,0.0
224,278,19:30,0.0,0.0,0.0,0.0,0.0,1.0,0.0
225,279,22:00,0.0,0.0,0.0,0.0,0.0,1.0,0.0
226,281,10:00,0.0,0.0,0.0,0.0,0.0,0.0,1.0
227,282,10:00,0.0,0.0,1.0,0.0,0.0,0.0,0.0
228,283,12:00,0.0,0.0,0.0,0.0,0.0,1.0,0.0
229,284,,0.0,0.0,0.0,0.0,0.0,0.0,1.0
230,285,06:00,0.0,0.0,0.0,0.0,0.0,0.0,1.0
231,286,,0.0,0.0,0.0,0.0,0.0,0.0,1.0
232,287,,0.0,0.0,0.0,0.0,0.0,0.0,1.0
233,288,,0.0,0.0,0.0,0.0,0.0,0.0,1.0
234,289,,0.0,0.0,0.0,0.0,0.0,0.0,1.0
235,290,21:00,0.0,0.0,0.0,0.0,0.0,0.0,1.0
236,291,,0.0,0.0,0.0,0.0,1.0,0.0,0.0
237,293,14:00,0.0,0.0,0.0,0.0,0.0,0.0,1.0
238,294,,0.0,0.0,0.0,0.0,0.0,0.0,1.0
239,296,,0.0,0.0,0.0,0.0,0.0,0.0,1.0
240,298,,0.0,0.0,0.0,0.0,0.0,1.0,0.0
241,299,,0.0,0.0,0.0,0.0,1.0,0.0,0.0
242,300,,0.0,0.0,0.0,0.0,0.0,0.0,1.0
243,301,,0.0,0.0,0.0,0.0,0.0,0.0,1.0
244,302,,0.0,0.0,0.0,0.0,0.0,0.0,1.0
245,303,,1.0,1.0,1.0,1.0,1.0,1.0,1.0
246,305,,0.0,0.0,0.0,0.0,0.0,0.0,1.0
247,306,,0.0,0.0,0.0,1.0,0.0,0.0,0.0
248,307,,0.0,0.0,0.0,0.0,0.0,0.0,1.0
249,308,,0.0,1.0,0.0,0.0,0.0,0.0,0.0
250,309,,0.0,0.0,0.0,0.0,0.0,0.0,1.0
251,310,22:30,0.0,0.0,0.0,0.0,0.0,0.0,1.0
252,311,12:00,0.0,0.0,0.0,0.0,0.0,0.0,1.0
253,312,,0.0,0.0,0.0,0.0,0.0,0.0,1.0
254,313,22:15,0.0,0.0,0.0,0.0,0.0,0.0,1.0
255,314,20:00,0.0,0.0,0.0,0.0,0.0,0.0,1.0
256,315,,1.0,0.0,0.0,1.0,0.0,0.0,0.0
257,316,08:00,0.0,0.0,1.0,0.0,0.0,0.0,0.0
258,317,12:00,1.0,0.0,0.0,0.0,0.0,0.0,0.0
259,318,,0.0,0.0,0.0,0.0,0.0,0.0,1.0
260,319,,0.0,0.0,0.0,1.0,0.0,0.0,0.0
261,320,,1.0,0.0,0.0,0.0,0.0,0.0,0.0
262,321,,1.0,0.0,0.0,0.0,0.0,0.0,0.0
263,322,,1.0,0.0,0.0,0.0,0.0,0.0,0.0
264,323,,1.0,0.0,0.0,0.0,0.0,0.0,0.0
265,324,,1.0,0.0,0.0,0.0,0.0,0.0,0.0
266,325,,1.0,0.0,0.0,0.0,0.0,0.0,0.0
267,326,,1.0,0.0,0.0,0.0,0.0,0.0,0.0
268,328,20:00,1.0,0.0,0.0,0.0,0.0,0.0,0.0
269,329,,1.0,0.0,0.0,0.0,0.0,0.0,0.0
270,330,,1.0,0.0,0.0,0.0,0.0,0.0,0.0
271,331,,1.0,0.0,0.0,0.0,0.0,0.0,0.0
272,334,,1.0,0.0,0.0,0.0,0.0,0.0,0.0
273,337,,1.0,0.0,0.0,0.0,0.0,0.0,0.0
274,339,,1.0,0.0,0.0,0.0,0.0,0.0,0.0
275,340,19:00,1.0,0.0,0.0,0.0,0.0,0.0,0.0
276,341,,1.0,1.0,0.0,0.0,0.0,0.0,0.0
277,342,,1.0,0.0,0.0,0.0,0.0,0.0,0.0
278,343,,0.0,0.0,0.0,0.0,0.0,0.0,1.0
279,344,,1.0,0.0,0.0,0.0,0.0,0.0,0.0
280,345,,1.0,0.0,0.0,0.0,0.0,0.0,0.0
281,346,,0.0,1.0,0.0,0.0,0.0,0.0,0.0
282,347,20:00,0.0,1.0,0.0,0.0,0.0,0.0,0.0
283,348,20:15,0.0,1.0,0.0,0.0,0.0,0.0,0.0
284,349,21:00,1.0,0.0,0.0,0.0,0.0,0.0,0.0
285,350,20:00,1.0,0.0,0.0,0.0,0.0,0.0,0.0
286,351,,1.0,0.0,0.0,0.0,0.0,0.0,0.0
287,352,,1.0,0.0,0.0,0.0,0.0,0.0,0.0
288,353,,0.0,1.0,1.0,0.0,0.0,0.0,0.0
289,354,,0.0,1.0,0.0,0.0,0.0,0.0,0.0
290,356,,1.0,1.0,1.0,1.0,0.0,0.0,0.0
291,358,20:00,0.0,1.0,1.0,0.0,0.0,0.0,0.0
292,359,,0.0,0.0,0.0,0.0,1.0,0.0,0.0
293,360,,0.0,0.0,1.0,0.0,0.0,0.0,0.0
294,362,,0.0,0.0,0.0,0.0,1.0,0.0,0.0
295,363,,1.0,0.0,0.0,0.0,0.0,0.0,0.0
296,365,,0.0,0.0,1.0,0.0,0.0,0.0,0.0
297,368,,0.0,0.0,1.0,0.0,0.0,0.0,0.0
298,370,,0.0,0.0,1.0,0.0,0.0,0.0,0.0
299,371,19:30,1.0,1.0,1.0,1.0,0.0,0.0,0.0
300,372,08:10,0.0,0.0,0.0,0.0,0.0,0.0,1.0
301,374,12:00,1.0,0.0,0.0,0.0,0.0,0.0,0.0
302,375,,0.0,0.0,0.0,1.0,1.0,1.0,0.0
303,376,12:00,0.0,0.0,0.0,1.0,1.0,0.0,0.0
304,378,,0.0,0.0,0.0,1.0,0.0,0.0,0.0
305,379,19:00,0.0,0.0,0.0,1.0,1.0,0.0,0.0
306,380,,1.0,0.0,0.0,0.0,0.0,0.0,0.0
307,381,,0.0,0.0,0.0,1.0,0.0,0.0,0.0
308,382,,0.0,0.0,0.0,1.0,0.0,0.0,0.0
309,384,,0.0,0.0,0.0,1.0,0.0,0.0,0.0
310,385,,0.0,0.0,0.0,1.0,1.0,1.0,0.0
311,387,,1.0,0.0,0.0,1.0,1.0,1.0,1.0
312,388,,0.0,0.0,0.0,1.0,0.0,0.0,0.0
313,393,20:55,0.0,1.0,0.0,0.0,0.0,0.0,0.0
314,394,21:20,0.0,1.0,0.0,0.0,0.0,0.0,0.0
315,396,21:00,0.0,0.0,0.0,0.0,1.0,0.0,0.0
316,397,,0.0,0.0,0.0,0.0,1.0,0.0,0.0
317,398,12:00,1.0,0.0,1.0,0.0,1.0,0.0,1.0
318,400,,0.0,0.0,0.0,0.0,0.0,0.0,1.0
319,404,,0.0,0.0,0.0,0.0,1.0,0.0,0.0
320,408,,0.0,0.0,0.0,0.0,1.0,0.0,0.0
321,409,,0.0,1.0,0.0,0.0,1.0,0.0,0.0
322,410,18:00,0.0,0.0,0.0,0.0,1.0,0.0,0.0
323,411,,0.0,0.0,0.0,0.0,1.0,0.0,0.0
324,413,,0.0,0.0,0.0,0.0,1.0,0.0,0.0
325,415,00:01,0.0,0.0,0.0,0.0,1.0,0.0,0.0
326,416,20:50,0.0,0.0,0.0,0.0,1.0,0.0,0.0
327,417,21:00,0.0,0.0,0.0,0.0,1.0,0.0,0.0
328,418,21:00,0.0,0.0,0.0,0.0,1.0,1.0,0.0
329,419,,0.0,0.0,0.0,0.0,1.0,0.0,0.0
330,420,,0.0,0.0,0.0,0.0,0.0,1.0,0.0
331,421,,0.0,0.0,0.0,0.0,0.0,1.0,0.0
332,422,,0.0,0.0,0.0,0.0,0.0,1.0,0.0
333,423,,0.0,0.0,0.0,0.0,0.0,0.0,1.0
334,426,12:00,1.0,0.0,0.0,0.0,0.0,0.0,0.0
335,427,21:00,0.0,0.0,0.0,0.0,0.0,1.0,0.0
336,428,,0.0,0.0,0.0,0.0,1.0,0.0,0.0
337,429,,0.0,0.0,1.0,0.0,0.0,0.0,0.0
338,430,,1.0,1.0,1.0,1.0,1.0,1.0,1.0
339,432,18:55,0.0,0.0,0.0,1.0,0.0,0.0,0.0
340,433,,1.0,1.0,1.0,1.0,1.0,1.0,1.0
341,434,,0.0,0.0,0.0,0.0,0.0,0.0,1.0
342,435,13:00,0.0,0.0,0.0,0.0,0.0,0.0,1.0
343,438,,0.0,0.0,0.0,0.0,0.0,0.0,1.0
344,447,,1.0,0.0,0.0,0.0,0.0,0.0,0.0
345,448,20:00,1.0,0.0,0.0,0.0,0.0,0.0,0.0
346,449,20:00,1.0,1.0,1.0,0.0,0.0,0.0,0.0
347,451,,1.0,0.0,0.0,0.0,0.0,0.0,0.0
348,452,,1.0,0.0,0.0,0.0,0.0,0.0,1.0
349,453,17:00,1.0,1.0,1.0,1.0,1.0,0.0,0.0
350,454,,0.0,1.0,0.0,0.0,0.0,0.0,0.0
351,455,,0.0,1.0,0.0,0.0,0.0,0.0,0.0
352,458,,0.0,1.0,0.0,0.0,0.0,0.0,0.0
353,462,19:00,0.0,0.0,0.0,1.0,0.0,0.0,0.0
354,463,,0.0,0.0,0.0,0.0,1.0,0.0,0.0
355,468,,0.0,0.0,0.0,0.0,1.0,0.0,0.0
356,469,,0.0,0.0,1.0,0.0,0.0,0.0,0.0
357,471,,0.0,0.0,1.0,1.0,1.0,1.0,1.0
358,473,22:00,1.0,1.0,1.0,1.0,0.0,0.0,0.0
359,474,,0.0,0.0,0.0,1.0,0.0,0.0,0.0
360,475,12:00,1.0,1.0,1.0,1.0,1.0,0.0,0.0
361,477,,0.0,0.0,0.0,1.0,0.0,0.0,0.0
362,478,,0.0,0.0,0.0,1.0,0.0,0.0,0.0
363,481,,0.0,0.0,0.0,1.0,0.0,0.0,0.0
364,482,,0.0,0.0,0.0,1.0,0.0,0.0,0.0
365,484,,0.0,0.0,0.0,1.0,0.0,0.0,0.0
366,487,,0.0,0.0,0.0,0.0,1.0,0.0,0.0
367,488,,0.0,0.0,0.0,1.0,0.0,0.0,0.0
368,489,,1.0,0.0,0.0,0.0,0.0,0.0,0.0
369,490,06:00,0.0,0.0,0.0,0.0,1.0,0.0,0.0
370,491,,0.0,0.0,0.0,0.0,1.0,0.0,0.0
371,492,,0.0,0.0,0.0,0.0,1.0,0.0,0.0
372,494,,0.0,0.0,0.0,0.0,1.0,0.0,0.0
373,497,,0.0,1.0,0.0,0.0,0.0,0.0,0.0
374,501,,0.0,0.0,0.0,0.0,1.0,0.0,0.0
375,503,,0.0,0.0,0.0,0.0,1.0,0.0,0.0
376,505,,0.0,0.0,0.0,1.0,0.0,0.0,0.0
377,507,,0.0,0.0,0.0,1.0,0.0,0.0,0.0
378,508,21:00,0.0,0.0,0.0,0.0,1.0,0.0,0.0
379,510,,1.0,0.0,0.0,0.0,0.0,0.0,0.0
380,512,20:20,0.0,0.0,0.0,0.0,0.0,0.0,1.0
381,513,,0.0,0.0,0.0,0.0,0.0,0.0,1.0
382,515,20:00,1.0,0.0,0.0,0.0,0.0,0.0,1.0
383,516,20:00,0.0,0.0,0.0,0.0,0.0,0.0,1.0
384,517,20:00,0.0,0.0,0.0,0.0,0.0,1.0,0.0
385,518,10:00,1.0,0.0,0.0,0.0,1.0,0.0,0.0
386,519,,1.0,0.0,0.0,0.0,0.0,0.0,0.0
387,520,19:00,1.0,1.0,1.0,1.0,1.0,1.0,1.0
388,521,,1.0,0.0,0.0,0.0,0.0,0.0,0.0
389,522,,0.0,0.0,1.0,0.0,0.0,0.0,0.0
390,523,,1.0,0.0,0.0,0.0,0.0,0.0,0.0
391,524,,1.0,1.0,0.0,0.0,0.0,0.0,0.0
392,525,20:45,1.0,1.0,1.0,1.0,1.0,1.0,1.0
393,526,21:00,0.0,0.0,1.0,0.0,0.0,0.0,0.0
394,527,,0.0,0.0,0.0,1.0,0.0,0.0,0.0
395,528,,0.0,1.0,1.0,0.0,0.0,0.0,0.0
396,529,,0.0,1.0,0.0,0.0,0.0,0.0,0.0
397,530,,0.0,1.0,0.0,0.0,0.0,0.0,0.0
398,531,17:00,0.0,1.0,0.0,0.0,1.0,0.0,0.0
399,537,22:00,0.0,1.0,0.0,0.0,0.0,0.0,0.0
400,540,,0.0,0.0,1.0,0.0,0.0,0.0,0.0
401,544,,0.0,0.0,1.0,0.0,0.0,0.0,0.0
402,545,,0.0,0.0,0.0,1.0,0.0,0.0,0.0
403,546,,1.0,0.0,0.0,0.0,0.0,0.0,0.0
404,547,20:30,1.0,0.0,0.0,0.0,0.0,0.0,0.0
405,548,22:00,1.0,0.0,0.0,0.0,0.0,0.0,0.0
406,549,21:30,0.0,0.0,0.0,0.0,1.0,0.0,0.0
407,550,,0.0,0.0,0.0,0.0,1.0,0.0,0.0
408,551,,0.0,0.0,0.0,1.0,1.0,1.0,0.0
409,552,20:00,0.0,0.0,0.0,1.0,1.0,1.0,0.0
410,553,,1.0,1.0,1.0,1.0,1.0,0.0,0.0
411,554,06:00,1.0,0.0,0.0,1.0,0.0,0.0,0.0
412,561,,0.0,0.0,0.0,0.0,1.0,0.0,0.0
413,562,,1.0,1.0,1.0,1.0,1.0,1.0,1.0
414,565,,0.0,0.0,0.0,0.0,1.0,0.0,0.0
415,566,,0.0,0.0,0.0,0.0,1.0,0.0,0.0
416,567,,0.0,0.0,0.0,0.0,1.0,0.0,0.0
417,574,,0.0,1.0,0.0,0.0,0.0,1.0,0.0
418,577,,0.0,0.0,0.0,0.0,0.0,1.0,0.0
419,578,20:00,1.0,0.0,0.0,0.0,0.0,1.0,1.0
420,580,,0.0,0.0,0.0,0.0,0.0,1.0,0.0
421,582,18:00,0.0,0.0,0.0,0.0,0.0,0.0,1.0
422,583,,0.0,0.0,0.0,0.0,0.0,0.0,1.0
423,585,,1.0,1.0,1.0,1.0,0.0,0.0,1.0
424,587,17:00,1.0,0.0,0.0,1.0,0.0,1.0,0.0
425,588,,1.0,0.0,0.0,0.0,0.0,0.0,0.0
426,589,,1.0,1.0,1.0,1.0,1.0,1.0,1.0
427,590,21:00,1.0,0.0,0.0,0.0,0.0,0.0,0.0
428,591,21:00,0.0,0.0,1.0,0.0,0.0,0.0,0.0
429,597,21:00,0.0,1.0,0.0,0.0,0.0,0.0,0.0
430,598,,1.0,0.0,0.0,1.0,0.0,0.0,0.0
431,599,,0.0,0.0,1.0,0.0,0.0,0.0,0.0
432,600,12:30,0.0,0.0,1.0,1.0,0.0,0.0,0.0
433,601,18:00,0.0,0.0,0.0,0.0,1.0,0.0,0.0
434,602,,0.0,0.0,1.0,0.0,0.0,0.0,0.0
435,603,18:00,0.0,0.0,1.0,0.0,0.0,0.0,0.0
436,609,,0.0,0.0,1.0,0.0,0.0,0.0,0.0
437,610,,0.0,0.0,1.0,0.0,0.0,0.0,0.0
438,611,20:30,0.0,0.0,0.0,0.0,1.0,0.0,0.0
439,612,00:00,0.0,0.0,0.0,1.0,0.0,0.0,0.0
440,613,,1.0,0.0,0.0,0.0,0.0,0.0,0.0
441,614,,0.0,0.0,0.0,0.0,1.0,0.0,0.0
442,620,23:00,0.0,0.0,0.0,1.0,0.0,0.0,0.0
443,621,,0.0,0.0,0.0,1.0,0.0,0.0,0.0
